"time","winner","loser","behav"
199,"1","2","T"
202,"1","2","T"
222,"1","4","T"
2584,"1","3","B"
2765,"4","2","T"
2814,"4","2","B"
2831,"1","2","C"
2832,"1","2","T"
2835,"1","2","T"
2838,"1","4","T"
2847,"1","2","T"
2848,"1","2","T"
2872,"1","2","T"
2876,"2","4","T"
2877,"2","3","T"
2882,"2","3","C"
2885,"2","3","C"
2888,"2","4","T"
2894,"2","3","T"
2897,"2","3","C"
2903,"2","3","T"
3009,"2","3","T"
3011,"2","3","C"
3019,"4","3","T"
3024,"3","2","T"
3025,"2","3","T"
3026,"2","3","T"
3030,"3","2","C"
3032,"3","2","T"
3033,"3","2","C"
3035,"3","2","C"
3036,"3","2","T"
3038,"3","2","C"
3041,"3","2","T"
3062,"3","2","T"
3063,"1","3","T"
3067,"2","3","C"
3071,"2","3","C"
3084,"2","4","T"
3109,"2","4","C"
3116,"2","1","T"
3119,"2","1","C"
3120,"2","1","B"
3124,"2","1","C"
3128,"2","4","T"
3131,"2","4","C"
3134,"2","3","T"
3135,"2","3","C"
3136,"2","4","T"
3145,"2","4","C"
3154,"2","4","T"
3155,"2","4","T"
3158,"2","1","T"
3182,"2","1","T"
3186,"2","1","T"
3238,"4","1","T"
3240,"4","1","T"
3242,"4","1","T"
3243,"4","1","T"
3254,"4","1","T"
3255,"4","1","C"
3261,"2","1","T"
3304,"4","1","T"
3306,"2","1","T"
3329,"3","1","C"
3332,"2","1","T"
3333,"3","1","C"
3337,"2","1","T"
3476,"1","3","T"
3476,"3","4","T"
3477,"3","4","T"
3478,"3","1","T"
3491,"3","4","T"
3497,"1","3","L"
3498,"3","4","C"
3520,"2","1","T"
3522,"2","1","T"
3526,"2","1","C"
3528,"3","4","T"
3538,"4","1","T"
3539,"3","1","T"
3652,"2","1","T"
3652,"2","1","T"
3654,"3","4","T"
3664,"3","1","T"
3665,"1","2","T"
3665,"2","1","T"
3668,"3","4","T"
3670,"3","1","C"
3675,"3","1","T"
4340,"4","1","T"
4342,"3","1","T"
4342,"1","4","T"
4348,"3","2","L"
4379,"3","2","L"
4387,"3","2","L"
4394,"3","2","L"
4408,"2","4","C"
4437,"2","3","C"
4439,"2","3","C"
4441,"2","3","C"
4443,"2","3","C"
4748,"2","3","C"
4753,"2","3","C"
4758,"2","1","C"
4762,"2","1","C"
4763,"2","1","T"
4767,"2","4","C"
4770,"2","4","C"
4771,"2","1","C"
4777,"2","1","T"
4907,"2","1","C"
4908,"2","1","T"
4910,"3","1","C"
4912,"2","4","T"
4913,"3","4","T"
4914,"4","3","T"
4914,"2","3","T"
4918,"2","1","C"
4920,"2","1","C"
4923,"2","1","C"
4929,"4","1","T"
4931,"2","1","C"
4932,"1","2","T"
4939,"2","4","T"
4942,"2","3","T"
5139,"2","3","T"
5355,"2","4","C"
5357,"2","4","T"
5358,"2","1","C"
5360,"1","2","C"
5360,"2","1","C"
5362,"2","1","T"
5415,"1","4","T"
5418,"1","4","C"
5419,"1","4","C"
5421,"1","4","C"
5515,"1","4","T"
5517,"1","4","C"
5520,"1","4","C"
5522,"1","4","C"
5523,"1","4","T"
5542,"1","4","T"
5544,"1","4","T"
5546,"1","4","C"
5548,"1","3","T"
5566,"2","3","T"
5689,"1","3","T"
5692,"1","3","C"
5693,"1","3","C"
5695,"1","3","C"
5696,"2","3","C"
5698,"1","3","C"
5699,"2","3","T"
5700,"1","3","C"
5701,"2","3","T"
5704,"2","3","C"
5707,"1","3","C"
5726,"1","3","C"
5727,"1","3","T"
5798,"2","1","B"
5806,"2","1","B"
5807,"2","1","L"
5809,"2","1","L"
5818,"2","1","B"
5833,"2","1","L"
5840,"2","1","L"
5851,"2","1","L"
5852,"2","1","B"
5854,"2","1","B"
5869,"2","1","L"
5879,"2","1","L"
5906,"2","1","L"
5912,"2","1","L"
5978,"2","1","L"
6024,"2","1","L"
6029,"2","3","C"
6032,"1","4","T"
6034,"1","4","C"
6036,"1","4","C"
6045,"1","4","C"
6047,"1","4","C"
6052,"1","4","C"
6054,"1","4","T"
6056,"2","4","T"
6057,"1","3","C"
6059,"1","3","C"
6066,"4","3","C"
6067,"1","4","C"
6074,"1","4","C"
6076,"1","4","T"
6081,"1","4","C"
6085,"1","4","C"
6085,"2","3","T"
6088,"1","3","T"
6090,"1","4","T"
6095,"1","4","C"
6098,"2","4","T"
6115,"1","4","T"
6118,"2","4","C"
6120,"2","4","T"
6120,"2","4","C"
6122,"2","4","T"
6141,"1","3","T"
6142,"2","4","C"
6150,"1","3","T"
6208,"1","4","T"
6212,"2","4","C"
6360,"3","4","T"
6361,"1","4","T"
6362,"1","3","T"
6363,"2","4","T"
6365,"2","3","C"
6367,"1","3","T"
6374,"1","3","T"
6376,"1","4","T"
6379,"1","4","T"
6380,"2","4","C"
6384,"1","4","T"
6389,"2","4","T"
6734,"1","2","T"
6736,"1","4","C"
6738,"1","4","C"
6740,"2","4","T"
6741,"1","4","C"
6744,"1","4","C"
6746,"1","4","C"
6751,"1","4","T"
6751,"2","4","T"
6758,"1","4","T"
6759,"2","4","T"
6763,"1","4","T"
6765,"1","3","C"
6767,"1","3","T"
6769,"1","3","T"
6769,"1","3","C"
6771,"1","3","C"
6774,"1","3","T"
6777,"1","4","T"
6777,"2","4","C"
6782,"1","4","T"
6783,"2","4","T"
6784,"1","4","T"
6786,"2","4","C"
6790,"1","3","T"
6873,"1","4","C"
6876,"1","4","C"
6876,"1","4","C"
6878,"1","3","C"
6881,"1","3","C"
6884,"1","3","C"
6890,"1","3","T"
6895,"1","3","C"
6899,"1","3","T"
6901,"1","3","T"
6903,"2","4","T"
6905,"2","3","T"
6906,"1","3","T"
6906,"2","4","T"
6912,"2","4","T"
6913,"1","4","T"
6916,"1","4","T"
6921,"1","4","T"
6923,"1","4","T"
6924,"1","4","T"
6938,"2","4","T"
6941,"2","3","T"
6942,"2","3","C"
6945,"2","3","C"
6948,"2","3","T"
6950,"2","3","T"
7001,"1","4","T"
7013,"2","4","T"
7016,"1","4","C"
7073,"2","4","T"
7076,"2","1","T"
7078,"1","4","C"
7079,"2","3","C"
7080,"2","4","T"
7082,"1","4","T"
7083,"2","4","C"
7084,"1","4","T"
7091,"1","3","T"
7119,"1","4","T"
7128,"2","4","T"
7130,"1","4","T"
7131,"2","4","C"
7132,"1","4","T"
7134,"2","4","T"
7135,"1","4","T"
7136,"2","4","C"
7138,"1","4","T"
7139,"2","4","T"
7140,"1","4","T"
7144,"2","4","T"
7159,"2","3","C"
7164,"2","4","T"
7166,"2","3","C"
7171,"1","3","T"
7172,"1","4","T"
7178,"2","3","T"
7180,"1","3","T"
7182,"2","3","T"
7206,"1","3","T"
7210,"1","3","T"
7212,"1","4","T"
7216,"2","3","T"
7223,"2","4","T"
7230,"1","3","T"
7235,"1","4","T"
7238,"2","4","T"
7239,"1","4","T"
7241,"1","4","T"
7244,"2","4","T"
7245,"1","4","T"
7467,"3","4","T"
7470,"1","3","T"
7477,"1","3","T"
7478,"1","3","T"
7483,"1","3","T"
7484,"2","3","C"
7490,"2","4","T"
7522,"2","4","T"
7534,"2","3","T"
7537,"2","3","T"
7539,"2","3","T"
7547,"1","4","T"
7552,"1","4","C"
7553,"3","4","T"
7563,"2","3","T"
7564,"1","3","T"
7572,"1","3","T"
7574,"2","3","T"
7576,"1","3","T"
7578,"1","3","T"
7581,"2","3","C"
7584,"2","3","C"
7585,"2","3","C"
7587,"2","3","C"
7588,"2","3","T"
7590,"2","3","T"
7594,"2","4","C"
7595,"2","3","T"
7797,"2","4","T"
7803,"2","3","C"
7902,"1","3","T"
7902,"2","4","T"
7909,"3","4","C"
7915,"2","3","T"
7916,"2","3","T"
7918,"2","3","T"
7922,"2","3","C"
7929,"2","4","T"
7930,"3","4","C"
8225,"2","4","C"
8227,"2","4","T"
8229,"2","4","T"
8230,"2","4","C"
8232,"1","4","T"
8236,"1","3","T"
8237,"1","3","T"
8239,"2","4","T"
8239,"1","3","T"
8241,"1","3","T"
8345,"2","4","C"
8347,"1","4","T"
8352,"1","3","C"
8353,"1","3","C"
8363,"2","4","C"
8503,"2","4","C"
8505,"1","4","C"
8507,"3","4","T"
8508,"2","4","C"
8510,"3","4","C"
8510,"2","4","C"
8517,"2","4","C"
8524,"1","3","T"
8542,"3","1","C"
8756,"2","3","B"
8760,"3","4","C"
8763,"3","4","T"
8765,"1","3","T"
8766,"1","4","T"
8767,"2","3","T"
8773,"2","4","C"
8868,"1","4","T"
8873,"3","4","C"
8875,"1","4","T"
8878,"1","4","T"
8880,"1","4","C"
8882,"3","4","T"
8883,"2","4","T"
8889,"1","4","T"
8899,"3","4","T"
8908,"1","3","T"
8910,"1","4","T"
8911,"1","4","C"
8913,"1","4","C"
8917,"2","4","T"
8918,"1","4","T"
8933,"1","4","C"
8933,"2","3","T"
8937,"2","3","T"
8937,"2","3","T"
8946,"1","4","T"
8948,"1","4","T"
8950,"3","4","T"
8953,"2","4","T"
8961,"3","4","C"
9058,"1","4","T"
9062,"1","4","B"
9064,"1","3","T"
9067,"2","3","C"
9069,"3","4","C"
9073,"1","4","T"
9074,"2","4","T"
9075,"3","4","T"
9076,"1","4","T"
9079,"3","4","T"
9080,"2","4","T"
9081,"3","4","T"
9133,"2","4","C"
9136,"2","3","C"
9137,"2","3","C"
9138,"2","3","T"
9139,"2","4","C"
9142,"2","4","C"
9306,"2","4","T"
9306,"2","3","T"
9307,"2","4","T"
9308,"1","3","C"
9310,"2","4","C"
9310,"2","3","T"
9311,"1","4","T"
9314,"2","4","C"
9558,"1","4","T"
9561,"1","4","B"
9562,"1","3","T"
9563,"1","3","T"
9566,"1","3","T"
9567,"1","4","C"
9572,"2","3","T"
9573,"2","3","C"
9575,"2","3","C"
9578,"1","3","T"
9579,"2","3","T"
9605,"2","4","C"
9608,"1","4","T"
9609,"2","4","T"
9617,"2","4","T"
9619,"2","4","C"
9623,"1","4","T"
9627,"1","3","T"
9695,"1","4","T"
9696,"2","4","C"
9697,"1","4","T"
9700,"1","3","T"
9707,"3","4","T"
9709,"3","4","T"
9732,"2","4","C"
9733,"2","4","T"
9734,"2","3","T"
9736,"2","4","C"
9738,"1","4","T"
9740,"3","4","T"
9741,"2","4","C"
9743,"2","3","C"
9745,"2","4","C"
9745,"2","3","C"
9748,"2","4","C"
9749,"2","4","T"
9751,"2","4","C"
9753,"2","4","T"
9755,"2","4","C"
9757,"2","4","C"
9757,"2","3","C"
9759,"2","4","T"
9765,"2","1","T"
9766,"2","3","C"
9767,"1","3","T"
9769,"1","3","T"
9772,"1","4","C"
9885,"1","4","T"
9935,"2","4","T"
9938,"2","3","C"
9940,"2","4","C"
9941,"2","3","T"
9952,"2","4","C"
9954,"2","4","C"
9958,"1","3","C"
9960,"1","3","T"
9962,"1","4","C"
9964,"1","4","T"
9965,"2","4","T"
9967,"1","3","T"
9968,"1","3","T"
9970,"1","4","T"
9971,"1","4","C"
9971,"1","4","C"
9974,"1","3","C"
9980,"1","3","T"
9981,"1","3","C"
10005,"2","4","C"
10066,"2","4","C"
10121,"1","3","C"
10124,"2","3","T"
10125,"1","3","T"
10126,"1","3","T"
10130,"3","4","C"
10131,"3","4","C"
10135,"1","4","C"
10138,"1","3","T"
10141,"1","4","C"
10148,"1","4","C"
10152,"1","4","C"
10156,"1","4","C"
10162,"1","4","C"
10171,"2","4","C"
10174,"2","4","C"
10177,"2","4","C"
10183,"2","4","T"
10188,"2","4","C"
10190,"2","4","C"
10192,"2","3","T"
10193,"2","4","T"
10195,"2","4","C"
10198,"2","1","T"
10201,"1","3","T"
10411,"2","4","C"
10414,"2","3","T"
10415,"2","4","T"
10420,"2","4","T"
10421,"2","4","C"
10425,"2","4","C"
10430,"2","3","T"
10571,"1","4","T"
10578,"1","4","T"
10579,"1","4","T"
10581,"1","3","T"
10583,"2","3","T"
10586,"1","4","T"
10586,"2","3","C"
10588,"1","4","T"
10596,"1","4","T"
10601,"3","4","T"
10606,"2","3","C"
10838,"1","4","T"
10845,"1","4","T"
10847,"1","4","C"
10848,"2","4","T"
10851,"1","4","T"
10870,"1","4","T"
10871,"2","4","T"
10873,"1","4","T"
10876,"2","4","C"
10889,"1","4","T"
10891,"2","4","T"
10892,"2","3","T"
10893,"1","2","T"
10895,"2","1","C"
10898,"2","1","C"
10900,"2","3","T"
10903,"2","3","T"
10904,"3","4","T"
10906,"2","1","C"
10909,"2","1","T"
11080,"1","4","T"
11084,"1","4","C"
11086,"1","4","T"
11087,"3","4","T"
11093,"1","4","C"
11095,"2","4","T"
11095,"2","3","T"
11098,"2","3","T"
11101,"1","3","T"
11121,"1","4","T"
11126,"2","4","T"
11133,"1","4","C"
11134,"2","4","T"
11137,"1","4","C"
11141,"1","4","T"
11143,"3","4","T"
11143,"4","3","T"
11148,"1","3","T"
11150,"1","3","C"
11151,"1","3","T"
11153,"3","4","T"
11155,"1","4","T"
11157,"1","3","T"
11158,"3","4","T"
11159,"1","4","T"
11159,"3","4","T"
11160,"1","4","T"
11161,"3","4","T"
11198,"2","4","T"
11199,"2","3","T"
11204,"1","4","T"
11206,"2","4","C"
11213,"1","4","T"
11215,"3","4","T"
11234,"3","4","T"
11238,"1","4","T"
11240,"3","4","B"
11246,"1","4","T"
11248,"1","3","T"
11250,"1","4","T"
11253,"1","4","T"
11253,"1","4","C"
11257,"3","4","T"
11258,"3","4","C"
11261,"2","4","T"
11343,"3","4","T"
11345,"2","4","T"
11349,"1","3","T"
11350,"3","4","T"
11352,"1","4","T"
11358,"2","4","T"
11363,"1","4","T"
11369,"2","3","T"
11370,"2","4","C"
11373,"2","1","T"
11377,"2","1","C"
11379,"2","4","C"
11383,"2","1","C"
11392,"2","1","T"
11393,"2","3","T"
11415,"3","1","T"
11416,"3","1","T"
11416,"3","1","C"
11531,"2","1","T"
11533,"2","4","T"
11541,"2","4","T"
11543,"1","4","T"
11545,"2","4","T"
11546,"1","4","C"
11548,"2","4","T"
11551,"1","3","T"
11553,"2","3","T"
11557,"2","1","T"
11560,"3","4","T"
11563,"3","4","T"
11565,"3","1","T"
11566,"2","1","T"
11568,"1","3","T"
11577,"3","1","C"
11579,"3","4","T"
11708,"3","1","C"
11713,"3","4","T"
11716,"3","1","C"
11717,"3","4","C"
11722,"3","1","C"
11742,"2","1","C"
11910,"3","1","T"
11920,"3","1","T"
11927,"1","4","T"
11928,"3","4","T"
11961,"1","4","C"
11962,"3","4","T"
11964,"1","4","T"
11965,"3","4","T"
11966,"1","4","T"
11966,"1","4","C"
11967,"1","4","T"
11967,"1","4","C"
11969,"3","4","C"
11970,"1","4","T"
11971,"3","4","T"
11972,"3","4","T"
11974,"1","4","T"
11975,"3","4","T"
12091,"1","4","T"
12106,"1","4","C"
12107,"1","4","C"
12108,"3","4","T"
12111,"3","4","T"
12112,"1","4","T"
12114,"3","4","T"
12119,"3","4","T"
12124,"1","4","T"
12126,"3","4","C"
12162,"1","4","T"
12167,"1","4","T"
12168,"3","4","T"
12170,"3","4","T"
12171,"3","4","C"
12173,"2","4","T"
12183,"2","3","C"
12185,"2","1","C"
12188,"2","3","T"
12190,"2","3","C"
12196,"2","3","C"
12234,"1","4","B"
12238,"1","4","C"
12245,"1","4","T"
12245,"3","4","T"
12246,"2","4","T"
12248,"1","4","T"
12249,"2","4","T"
12250,"1","3","T"
12252,"2","4","T"
12254,"2","3","C"
12257,"2","3","T"
12259,"2","3","C"
12263,"1","3","T"
12265,"2","3","C"
12303,"1","3","T"
12310,"3","4","T"
12315,"1","4","T"
12316,"1","4","T"
12318,"1","4","C"
12320,"2","4","T"
12321,"2","3","T"
12322,"2","3","T"
12324,"2","3","C"
12328,"1","3","T"
12330,"2","3","T"
12331,"1","4","C"
12331,"2","3","C"
12334,"1","4","C"
12334,"2","3","C"
12342,"2","3","C"
12343,"1","4","T"
12347,"2","4","T"
12350,"2","3","C"
12351,"2","3","T"
12352,"1","4","T"
12353,"2","4","T"
12353,"1","3","T"
12354,"2","3","T"
12358,"2","3","T"
12363,"2","3","T"
12363,"1","4","T"
12365,"3","4","T"
12367,"1","4","T"
12369,"3","4","T"
12370,"3","4","C"
12398,"1","4","C"
12403,"1","4","C"
12407,"1","4","T"
12408,"1","4","T"
12410,"3","4","T"
12413,"1","4","T"
12414,"3","4","T"
12464,"1","4","T"
12468,"1","4","T"
12475,"2","4","C"
12478,"2","4","C"
12480,"2","3","C"
12482,"2","1","C"
12486,"1","3","T"
12489,"1","4","T"
12492,"1","3","T"
12498,"1","4","B"
12499,"1","4","T"
12503,"1","4","T"
12506,"3","4","T"
12508,"2","3","T"
12556,"1","4","T"
12559,"1","4","T"
12561,"1","4","T"
12563,"1","4","C"
12567,"1","4","C"
12570,"1","4","T"
12571,"1","4","T"
12572,"3","4","T"
12585,"3","4","T"
12589,"2","4","T"
12765,"2","3","C"
12767,"2","3","C"
12774,"2","3","T"
12776,"2","1","C"
12777,"2","3","C"
12890,"1","4","T"
12891,"3","4","T"
12894,"3","4","T"
12896,"2","4","T"
12957,"1","4","T"
12960,"1","4","C"
12963,"3","4","T"
12973,"2","3","T"
12974,"2","4","C"
12977,"1","3","T"
12982,"2","3","C"
12985,"2","3","C"
12992,"2","3","T"
12994,"1","3","T"
13000,"3","4","C"
13033,"1","4","T"
13042,"2","4","T"
13053,"2","3","T"
13054,"1","3","T"
13068,"1","4","T"
13069,"3","4","T"
13071,"1","4","C"
13074,"3","4","T"
13079,"3","4","T"
13080,"1","4","T"
13084,"1","4","T"
13086,"2","4","T"
13093,"1","3","T"
13104,"3","4","T"
13105,"1","4","C"
13107,"2","4","T"
13200,"1","4","T"
13212,"2","3","T"
13216,"1","3","T"
13217,"1","4","T"
13220,"2","3","T"
13221,"2","3","T"
13225,"1","3","T"
13230,"3","4","T"
13231,"2","4","T"
13235,"2","4","T"
13236,"1","4","T"
13238,"2","3","C"
13239,"1","3","T"
13240,"2","4","C"
13241,"2","3","T"
13242,"2","3","C"
13244,"2","4","T"
13248,"1","3","T"
13252,"1","3","T"
13253,"2","3","C"
13260,"2","1","C"
13262,"2","4","C"
13264,"2","3","T"
13267,"1","3","T"
13268,"1","4","T"
13270,"1","4","T"
13272,"1","3","C"
13276,"2","3","T"
13278,"2","1","T"
13279,"2","3","C"
13285,"2","4","C"
13288,"1","3","T"
13290,"1","4","T"
13323,"2","4","T"
13323,"2","4","C"
13331,"1","3","C"
13332,"2","4","C"
13335,"1","4","T"
13338,"1","4","C"
13341,"4","3","T"
13345,"1","4","T"
13348,"2","4","T"
13349,"1","3","T"
13350,"2","3","T"
13353,"1","3","T"
13356,"2","4","T"
13356,"2","4","C"
13360,"2","4","T"
13361,"1","4","C"
13367,"3","4","T"
13372,"2","4","T"
13376,"2","4","C"
13378,"2","3","T"
13378,"2","4","T"
13380,"2","4","C"
13382,"2","3","T"
13385,"2","3","T"
13388,"1","3","T"
13390,"1","4","T"
13391,"2","3","T"
13394,"1","3","T"
13439,"1","4","T"
13455,"1","4","C"
13463,"3","4","T"
13470,"3","4","T"
13471,"2","4","T"
13472,"3","4","C"
13474,"1","4","T"
13475,"3","4","T"
13479,"1","4","T"
13481,"2","4","T"
13486,"1","4","T"
13491,"3","4","C"
13520,"2","3","T"
13523,"1","3","T"
13530,"1","3","T"
13531,"1","4","T"
13566,"2","3","T"
13569,"2","3","T"
13572,"2","3","T"
13578,"2","3","C"
13583,"2","3","C"
13586,"1","3","T"
13589,"2","3","C"
13590,"2","3","T"
13592,"2","3","T"
13595,"1","3","T"
13607,"1","4","T"
13610,"2","3","T"
13626,"1","3","T"
13668,"2","3","T"
13674,"3","1","C"
13675,"1","3","T"
13683,"1","4","T"
13695,"2","3","T"
13698,"2","3","T"
13699,"2","3","T"
13701,"2","3","C"
13704,"2","3","T"
13705,"2","3","C"
13708,"1","3","T"
13715,"1","4","T"
13736,"1","4","T"
13738,"3","4","T"
13740,"1","4","T"
13748,"1","4","T"
13751,"3","4","T"
13754,"1","4","T"
13755,"3","4","T"
13756,"1","4","T"
13758,"3","4","T"
13765,"3","4","T"
13765,"3","4","T"
13788,"1","4","T"
13790,"1","4","T"
13800,"3","4","T"
13802,"3","4","T"
13804,"1","3","T"
13809,"1","4","T"
13815,"1","4","T"
13826,"1","4","T"
13839,"1","4","T"
13841,"2","4","T"
13843,"2","3","T"
13846,"2","3","T"
13848,"2","3","C"
13849,"2","3","T"
13851,"2","3","C"
13855,"1","3","C"
13857,"2","3","C"
13859,"1","3","C"
13860,"2","3","T"
13894,"1","4","C"
13898,"1","4","T"
13901,"1","4","T"
13902,"1","4","C"
13908,"1","4","T"
13918,"1","4","T"
13921,"1","4","T"
13923,"1","4","T"
13928,"1","4","T"
13929,"1","4","C"
13930,"1","4","T"
13957,"3","4","T"
13964,"1","3","T"
13966,"1","3","C"
13968,"1","4","C"
13970,"1","4","T"
14062,"3","4","T"
14066,"2","4","C"
14068,"2","4","C"
14069,"2","3","C"
14069,"1","4","T"
14071,"2","4","C"
14110,"2","4","C"
14113,"2","3","T"
14113,"2","4","T"
14261,"2","4","C"
14262,"1","4","T"
14347,"2","4","C"
14350,"2","3","T"
14352,"2","3","T"
14359,"2","3","T"
14678,"2","3","C"
14679,"2","3","C"
14688,"1","3","T"
14719,"1","4","T"
14728,"1","4","L"
14731,"1","4","T"
14733,"1","4","T"
14736,"1","4","T"
14778,"1","4","T"
14781,"2","4","T"
14796,"1","4","T"
14798,"2","4","T"
14822,"1","4","T"
14825,"1","4","C"
14827,"1","4","T"
14830,"2","3","T"
14832,"1","4","T"
14835,"1","3","C"
14838,"2","3","T"
14839,"3","4","T"
14840,"2","4","C"
14843,"2","3","T"
14846,"2","3","T"
14847,"2","3","C"
14849,"2","3","C"
14850,"2","3","C"
14950,"1","4","T"
14954,"1","4","T"
14969,"1","4","T"
14973,"1","4","T"
15009,"1","4","T"
15010,"1","4","C"
15016,"1","4","T"
15020,"2","4","T"
15035,"1","4","T"
15039,"2","4","T"
15065,"1","4","T"
15070,"1","4","T"
15072,"2","4","T"
15186,"1","4","T"
15223,"2","3","C"
15225,"2","3","T"
15229,"2","3","T"
15230,"2","3","T"
15232,"2","3","C"
15293,"1","4","T"
15296,"1","4","T"
15298,"1","4","T"
15300,"1","4","C"
15322,"1","4","T"
15324,"1","4","T"
15402,"1","4","T"
15411,"1","4","C"
15483,"1","4","T"
15489,"1","4","T"
15490,"1","4","T"
15493,"1","4","C"
15494,"1","4","T"
15512,"1","4","C"
15587,"1","4","T"
15596,"1","4","T"
15612,"1","4","T"
15615,"1","4","T"
15617,"1","4","C"
15618,"1","4","T"
15621,"1","4","C"
15626,"1","4","T"
15630,"1","4","C"
15634,"1","4","T"
15638,"3","4","T"
15783,"1","3","T"
15784,"2","3","C"
15786,"2","3","C"
15788,"2","3","T"
15793,"2","3","C"
15797,"1","3","T"
15802,"1","3","T"
15802,"2","3","T"
15803,"1","3","T"
15805,"1","3","T"
15807,"1","3","T"
15808,"1","3","T"
15811,"1","4","C"
15851,"4","1","B"
15862,"1","4","T"
15865,"1","4","C"
15866,"1","4","C"
15868,"4","2","T"
15897,"1","4","T"
15904,"1","4","T"
15905,"1","4","T"
15908,"1","4","T"
15923,"1","4","T"
15929,"1","4","T"
15932,"1","4","C"
15933,"1","4","C"
16018,"1","3","T"
16019,"1","3","C"
16020,"1","4","T"
16028,"1","4","C"
16029,"1","4","C"
16088,"1","4","C"
16097,"1","4","T"
16099,"1","4","T"
16120,"1","4","T"
16122,"1","4","T"
16124,"1","4","T"
16147,"2","3","T"
16147,"1","3","T"
16173,"1","4","T"
16234,"1","4","T"
16239,"1","4","T"
16258,"1","4","T"
16269,"2","3","T"
16270,"3","4","T"
16272,"2","3","T"
16273,"2","3","C"
16278,"1","3","T"
16280,"2","3","T"
16285,"2","3","T"
16286,"2","3","T"
16289,"1","3","T"
16290,"2","3","C"
16295,"1","3","C"
16325,"1","4","T"
16326,"1","4","C"
16330,"1","4","T"
16332,"2","4","T"
16457,"1","4","T"
16460,"1","4","C"
16519,"1","4","C"
16522,"1","4","T"
16524,"1","4","T"
16562,"1","4","C"
16564,"1","4","C"
16621,"1","4","T"
16640,"1","4","C"
16676,"1","4","C"
16679,"1","4","T"
16685,"3","4","B"
16687,"3","4","C"
16700,"3","4","T"
16756,"1","4","T"
16759,"3","4","T"
16761,"1","4","C"
16763,"1","4","C"
16802,"2","3","T"
16805,"2","3","T"
16808,"2","3","C"
16809,"2","3","T"
16811,"2","3","T"
16812,"2","3","C"
16818,"2","3","T"
16819,"1","3","T"
16893,"1","4","T"
16935,"1","4","C"
16939,"1","4","C"
16944,"1","4","T"
16947,"3","4","T"
16950,"3","4","T"
16953,"3","4","T"
16973,"3","4","T"
16993,"1","4","T"
16994,"3","4","B"
17019,"3","4","T"
17090,"1","4","T"
17090,"3","4","T"
17091,"1","3","T"
17155,"1","4","C"
17182,"1","4","T"
17263,"1","4","T"
17268,"1","4","C"
17289,"1","4","T"
17309,"1","4","C"
17339,"1","4","T"
17379,"2","3","T"
17381,"2","3","C"
17384,"2","3","T"
17426,"1","4","T"
17427,"3","4","T"
17428,"3","4","T"
17500,"2","3","C"
17502,"1","3","T"
17578,"1","4","T"
17598,"3","1","C"
17601,"1","3","C"
17603,"1","3","T"
17603,"2","3","C"
17606,"1","4","C"
17608,"1","4","C"
17620,"2","4","T"
17620,"2","3","T"
17622,"2","3","T"
17623,"1","3","T"
17628,"2","4","C"
17634,"2","3","T"
17635,"2","3","C"
17640,"1","3","T"
17642,"2","3","C"
17645,"1","3","T"
17646,"1","4","T"
17655,"1","4","T"
17659,"1","3","C"
17666,"1","4","C"
17731,"2","1","C"
17735,"2","1","C"
17744,"2","1","L"
17760,"2","1","T"
17767,"2","1","L"
17773,"2","3","C"
17872,"1","4","C"
17875,"2","4","T"
17876,"1","4","T"
17942,"2","3","T"
17944,"2","3","T"
17960,"2","3","T"
17963,"1","3","T"
17966,"2","3","C"
17968,"2","3","T"
17970,"2","3","C"
17997,"2","4","T"
17998,"2","3","T"
18003,"2","3","T"
18005,"2","3","T"
18006,"2","3","C"
18014,"2","3","T"
18016,"2","4","T"
18020,"2","3","T"
18020,"2","3","C"
18021,"2","3","T"
18025,"4","3","T"
18028,"2","3","T"
18030,"2","3","T"
18031,"1","4","T"
18033,"2","3","T"
18037,"1","4","T"
18037,"2","3","T"
18039,"2","3","T"
18040,"1","3","T"
18044,"2","3","C"
18047,"1","3","T"
18049,"1","2","T"
18061,"1","2","L"
18073,"2","3","T"
18076,"1","3","T"
18094,"2","4","T"
18100,"2","4","T"
18102,"2","4","C"
18104,"2","3","T"
18105,"2","3","B"
18108,"2","3","C"
18123,"2","4","T"
18129,"2","4","T"
18131,"2","3","T"
18141,"1","3","T"
18161,"1","4","T"
18219,"1","4","C"
18219,"3","1","B"
18222,"1","4","T"
18228,"3","4","C"
18264,"1","4","T"
18266,"1","4","T"
18269,"2","4","T"
18273,"2","4","T"
18297,"2","4","T"
18299,"2","3","T"
18310,"1","4","T"
18311,"1","3","C"
18311,"1","4","C"
18314,"1","4","T"
18338,"1","4","T"
18349,"2","3","T"
18354,"1","3","T"
18356,"1","4","T"
18356,"2","3","C"
18357,"2","4","T"
18358,"2","3","T"
18363,"1","3","C"
18387,"1","4","T"
18396,"1","4","C"
18442,"1","4","T"
18452,"1","4","C"
18483,"1","4","T"
18490,"1","4","T"
18495,"3","4","T"
18499,"3","4","C"
18588,"1","4","T"
18594,"3","4","T"
18685,"1","4","C"
18705,"1","4","C"
18736,"1","4","T"
18737,"2","4","T"
18738,"2","3","T"
18741,"1","3","C"
18742,"1","4","C"
18744,"1","4","T"
18746,"2","3","C"
18747,"2","3","C"
18751,"2","3","C"
18757,"2","3","T"
19212,"3","4","C"
19214,"2","4","T"
19239,"1","4","T"
19346,"3","4","T"
19674,"1","4","T"
19674,"3","4","T"
19682,"1","4","C"
19687,"1","4","C"
19716,"1","4","T"
19717,"3","4","T"
19719,"1","4","C"
19721,"3","4","T"
19722,"3","4","T"
19726,"3","4","C"
19727,"3","4","C"
19730,"3","4","C"
19807,"1","3","T"
19808,"2","3","C"
19810,"2","3","T"
19814,"2","3","C"
19821,"2","3","C"
19824,"2","3","T"
19827,"2","3","C"
19829,"2","3","C"
19832,"2","3","T"
19835,"2","3","C"
20042,"2","3","T"
20185,"2","3","T"
20186,"2","3","T"
20187,"2","3","C"
20265,"1","4","T"
20268,"2","4","T"
20270,"2","3","T"
20278,"1","3","T"
20338,"1","4","T"
20366,"1","4","T"
20368,"3","4","T"
20432,"1","4","T"
20434,"3","4","T"
20454,"1","4","T"
20527,"1","4","T"
20528,"3","4","C"
20572,"1","4","T"
20688,"1","4","T"
20688,"3","4","T"
20690,"3","4","C"
20760,"1","4","T"
20763,"3","4","T"
20764,"3","4","T"
20766,"3","4","C"
20805,"1","4","T"
20806,"3","4","T"
20837,"1","4","T"
20838,"3","4","T"
20855,"1","4","T"
20856,"3","4","T"
20909,"1","4","T"
20911,"2","4","T"
20919,"2","3","C"
20920,"2","3","T"
20924,"1","3","T"
21122,"3","4","T"
21129,"3","4","C"
21139,"1","4","T"
21141,"3","4","T"
21142,"3","4","T"
21143,"3","4","C"
21199,"1","4","T"
21200,"3","4","T"
21231,"1","4","T"
21244,"2","3","T"
21394,"1","4","T"
21434,"1","4","T"
21464,"2","4","C"
21465,"1","3","B"
21468,"2","3","C"
21468,"2","3","C"
21777,"1","3","T"
21779,"3","1","C"
21780,"1","4","T"
21910,"3","4","T"
21977,"1","4","T"
22015,"1","4","T"
22020,"1","4","C"
22021,"3","4","T"
22023,"1","4","T"
22079,"1","4","T"
22109,"3","4","T"
22204,"2","3","T"
22208,"1","3","T"
22211,"2","3","C"
22268,"1","3","T"
22398,"1","4","T"
22459,"1","4","T"
22460,"3","4","T"
22474,"1","4","T"
22483,"1","4","T"
22544,"1","3","B"
22545,"2","3","T"
22547,"1","3","C"
22549,"2","3","C"
22569,"1","3","C"
22658,"1","4","T"
22687,"1","4","C"
22719,"1","4","T"
22725,"1","4","T"
22752,"3","1","T"
22757,"2","3","T"
22758,"2","3","C"
22760,"2","3","C"
22925,"1","4","T"
22973,"2","3","T"
22974,"1","3","C"
22990,"1","4","C"
23076,"1","4","T"
23092,"1","4","T"
23195,"3","4","T"
23220,"1","4","T"
23294,"1","4","C"
23295,"1","4","T"
23302,"1","4","C"
23304,"1","4","T"
23304,"2","3","T"
23307,"2","3","T"
23315,"2","3","T"
23316,"2","3","C"
23321,"2","3","C"
23325,"2","3","T"
23326,"1","3","T"
23328,"1","3","C"
23330,"1","4","C"
23529,"1","4","T"
23572,"2","1","C"
23573,"2","1","C"
23573,"2","1","B"
23574,"2","3","B"
23575,"2","3","C"
23576,"2","3","C"
23577,"2","3","C"
23579,"2","3","C"
23583,"2","3","T"
23585,"2","3","T"
23587,"4","3","T"
23588,"2","3","T"
23596,"1","3","T"
23600,"4","1","B"
23600,"4","1","B"
23622,"4","1","B"
23708,"1","3","C"
23714,"1","4","C"
23734,"1","4","C"
23740,"1","4","C"
23761,"1","4","T"
23765,"2","4","T"
23767,"1","4","C"
23768,"2","3","C"
23769,"2","4","C"
23778,"1","4","T"
23778,"2","4","T"
23779,"1","3","C"
23780,"2","3","C"
23780,"2","3","C"
23809,"1","3","T"
23813,"2","4","T"
23815,"2","3","C"
23815,"2","3","C"
23956,"1","4","T"
24055,"1","3","C"
24058,"1","3","C"
24062,"1","3","T"
24074,"1","4","C"
24075,"1","4","C"
24077,"1","4","C"
24078,"1","4","T"
24171,"1","4","T"
24250,"3","4","T"
24310,"1","4","T"
24312,"3","4","T"
24362,"1","4","T"
24384,"1","4","T"
24388,"2","3","T"
24400,"1","3","T"
24426,"1","4","T"
24481,"1","4","T"
24491,"2","4","T"
24495,"2","1","C"
24546,"1","2","L"
24661,"1","4","T"
24662,"2","4","C"
24683,"2","4","T"
24691,"1","4","T"
24694,"3","4","T"
24749,"1","4","T"
24750,"3","4","T"
24809,"1","4","T"
24849,"2","3","C"
24861,"1","3","T"
24908,"2","3","C"
24910,"2","3","C"
24956,"2","1","C"
24959,"2","3","C"
24966,"1","3","C"
24980,"2","3","T"
24988,"4","3","T"
25031,"1","4","T"
25034,"1","4","T"
25035,"1","4","C"
25127,"1","4","C"
25133,"1","4","T"
25177,"1","4","T"
25212,"1","4","T"
25252,"1","4","T"
25301,"1","4","T"
25305,"2","3","T"
25312,"2","3","T"
25313,"2","3","T"
25362,"2","4","C"
25408,"2","3","C"
25414,"1","3","C"
25415,"1","4","T"
25417,"1","3","C"
25419,"1","4","T"
25474,"1","4","T"
25476,"1","4","C"
25479,"1","4","T"
25490,"1","4","T"
25527,"2","4","T"
25530,"1","4","T"
25530,"2","4","T"
25539,"2","4","C"
25565,"1","4","T"
25610,"2","4","T"
25616,"1","4","T"
25619,"1","4","T"
25620,"2","4","T"
25624,"1","4","C"
25627,"1","4","C"
25628,"2","4","T"
25629,"2","3","C"
25630,"1","3","T"
25636,"2","3","C"
25683,"1","3","T"
25685,"2","3","T"
25688,"2","4","T"
25689,"2","3","C"
25691,"2","3","C"
25694,"2","3","T"
25697,"2","3","C"
25698,"2","3","C"
25699,"2","3","C"
25703,"2","3","C"
25704,"1","3","B"
25706,"2","3","C"
25708,"1","3","C"
25709,"1","4","T"
25710,"3","4","T"
25717,"2","3","C"
25719,"2","3","T"
25754,"1","4","T"
25787,"1","4","T"
25792,"2","4","C"
25793,"2","3","C"
25795,"2","3","C"
25798,"2","3","C"
25800,"2","3","C"
25803,"2","3","C"
25805,"2","3","C"
25808,"2","3","C"
25812,"2","3","C"
25815,"2","3","C"
25861,"1","4","T"
25870,"2","4","C"
25871,"2","3","T"
25875,"2","3","T"
25876,"2","3","C"
25891,"2","3","T"
25893,"2","3","C"
26029,"2","4","T"
26084,"2","4","T"
26085,"2","1","T"
26097,"2","1","B"
26105,"2","1","L"
26125,"1","2","C"
26129,"1","4","T"
26131,"1","4","T"
26132,"1","3","C"
26137,"1","4","T"
26438,"3","4","T"
26441,"1","4","C"
26443,"1","4","C"
26538,"1","4","C"
26539,"1","3","C"
26541,"1","3","C"
26544,"1","4","C"
26547,"1","4","T"
26551,"1","4","T"
26576,"1","4","T"
26579,"2","3","C"
26582,"2","3","T"
26586,"2","3","T"
26587,"2","3","T"
26590,"2","3","C"
26660,"1","4","T"
26666,"1","4","T"
26667,"2","4","C"
26993,"1","4","C"
26994,"1","4","C"
27000,"1","4","C"
27003,"1","4","T"
27238,"1","3","T"
27241,"1","3","C"
27243,"2","3","C"
27249,"2","3","C"
27256,"1","3","C"
27258,"1","4","T"
27259,"2","3","T"
27259,"2","4","T"
27260,"1","3","T"
27261,"1","4","T"
27400,"1","3","C"
27582,"1","4","C"
27584,"1","4","T"
27586,"1","4","C"
27589,"1","4","C"
27595,"1","4","C"
27597,"1","4","C"
27600,"1","4","T"
27602,"1","3","C"
27604,"1","4","T"
27605,"1","4","T"
27607,"2","3","T"
27611,"2","3","C"
27613,"1","3","C"
27615,"2","3","T"
27693,"1","3","C"
27697,"2","3","T"
27698,"1","4","T"
27702,"1","3","C"
27746,"1","3","T"
27746,"1","4","T"
27749,"1","4","T"
27750,"2","3","T"
27825,"1","3","T"
27826,"1","4","T"
27828,"1","3","T"
27829,"1","3","T"
27830,"1","4","T"
27846,"1","4","T"
27849,"2","3","C"
27850,"1","4","T"
27851,"1","4","T"
27852,"2","3","T"
27854,"1","4","T"
27855,"1","3","T"
27855,"2","3","T"
27857,"1","4","T"
27858,"2","3","C"
27859,"1","3","T"
27860,"2","3","C"
27881,"1","4","T"
27938,"2","4","T"
27950,"2","4","T"
27989,"1","3","T"
27991,"1","4","T"
27992,"1","4","T"
27994,"2","3","T"
28017,"1","4","C"
28043,"1","3","T"
28044,"1","4","T"
28091,"1","3","T"
28108,"2","3","T"
28118,"1","3","C"
28119,"1","3","C"
28122,"1","4","C"
28122,"1","3","T"
28123,"1","4","C"
28126,"1","3","T"
28130,"1","3","C"
28132,"1","4","T"
28134,"2","3","T"
28136,"2","3","T"
28137,"1","4","C"
28140,"1","3","C"
28143,"1","3","T"
28145,"2","3","T"
28156,"1","3","T"
28158,"1","4","T"
28159,"1","4","C"
28160,"1","3","T"
28170,"2","3","T"
28212,"1","3","T"
28215,"1","3","T"
28220,"1","4","T"
28225,"1","4","T"
28226,"1","4","C"
28227,"1","4","C"
28231,"1","4","T"
28237,"1","4","C"
28237,"1","3","T"
28238,"2","3","T"
28256,"1","3","C"
28259,"1","4","T"
28260,"1","4","T"
28261,"1","4","T"
28263,"1","3","C"
28264,"1","4","C"
28270,"1","3","C"
28271,"1","4","C"
28273,"1","4","C"
28277,"1","3","C"
28278,"1","3","T"
28281,"1","4","C"
28281,"1","3","T"
28283,"2","3","T"
28287,"1","4","C"
28292,"1","4","C"
28313,"2","3","T"
28315,"2","4","T"
28318,"1","4","C"
28321,"1","4","C"
28344,"2","3","T"
28347,"1","3","C"
28348,"1","4","T"
28350,"1","4","C"
28352,"2","3","T"
28353,"1","4","C"
28356,"1","3","C"
28378,"1","4","C"
28394,"1","3","C"
28398,"1","3","T"
28399,"1","4","T"
28399,"2","3","T"
28402,"1","4","T"
28407,"2","3","C"
28411,"1","3","C"
28458,"1","3","C"
28460,"1","4","C"
28465,"2","3","C"
28468,"1","3","C"
28469,"1","4","T"
28477,"2","3","T"
28484,"2","4","T"
28486,"2","3","T"
28492,"2","3","T"
28493,"2","3","C"
28495,"2","3","C"
28526,"1","3","C"
28528,"1","3","T"
28529,"1","4","T"
28530,"1","3","T"
28532,"1","4","C"
28532,"2","3","C"
28533,"1","3","T"
28536,"1","4","T"
28537,"1","3","T"
28539,"1","4","T"
28541,"1","4","T"
28574,"1","3","C"
28576,"1","4","T"
28581,"1","3","T"
28582,"1","4","C"
28589,"1","4","T"
28595,"1","3","T"
28608,"1","4","C"
28610,"1","4","C"
28614,"2","3","T"
28623,"1","3","T"
28625,"1","4","C"
28709,"1","3","T"
28709,"1","4","T"
28710,"1","3","T"
28716,"1","4","C"
28723,"1","4","C"
28874,"2","3","T"
28879,"1","3","T"
28891,"1","4","C"
28903,"1","3","C"
28904,"2","3","T"
28906,"1","3","T"
28908,"2","3","T"
28910,"1","3","T"
28916,"1","3","T"
28917,"1","4","T"
28933,"1","4","C"
28936,"1","4","T"
28940,"1","4","T"
28942,"2","4","T"
28944,"1","4","C"
28945,"2","4","T"
28953,"1","4","C"
28955,"2","4","T"
28956,"1","4","T"
28961,"2","4","T"
28971,"1","4","T"
29041,"2","3","T"
29043,"1","3","T"
29044,"2","3","T"
29048,"1","3","T"
29049,"1","4","T"
29051,"1","4","C"
29052,"1","4","T"
29101,"1","4","T"
29108,"1","4","T"
29168,"1","4","C"
29176,"2","4","T"
29181,"2","4","T"
29202,"1","3","T"
29206,"1","3","C"
29209,"1","3","T"
29213,"1","3","T"
29215,"1","4","T"
29217,"1","4","T"
29220,"1","4","C"
29222,"2","4","T"
29223,"1","4","T"
29226,"2","3","T"
29261,"2","3","T"
29264,"1","3","C"
29265,"1","4","T"
29273,"2","3","T"
29278,"2","3","C"
29283,"2","3","T"
29286,"2","3","C"
29286,"2","3","T"
29288,"2","3","C"
29289,"1","3","T"
29297,"1","3","T"
29303,"1","4","T"
29304,"1","3","T"
29306,"1","4","C"
29361,"2","4","T"
29368,"1","4","C"
29370,"2","4","C"
29376,"1","4","T"
29385,"1","4","C"
29386,"2","4","T"
29393,"2","4","T"
29394,"2","4","C"
29398,"2","4","T"
29402,"2","4","C"
29426,"1","4","T"
29427,"3","4","T"
29433,"2","4","T"
29437,"2","4","T"
29441,"2","4","T"
29442,"1","4","T"
29444,"2","4","C"
29451,"2","4","C"
29467,"1","4","T"
29468,"3","4","T"
29471,"3","4","T"
29472,"2","4","C"
29474,"2","3","T"
29475,"2","3","T"
29476,"2","3","C"
29478,"1","4","C"
29480,"1","4","T"
29482,"2","4","T"
29491,"2","4","T"
29500,"1","4","C"
29501,"2","4","T"
29570,"2","3","T"
29574,"2","3","C"
29575,"2","3","T"
29578,"2","3","C"
29579,"2","3","C"
29581,"2","3","T"
29583,"2","3","C"
29853,"1","3","T"
29855,"1","4","T"
29897,"1","3","T"
29900,"1","3","T"
29902,"2","3","T"
29903,"1","3","C"
29904,"1","4","T"
29906,"2","3","T"
29910,"1","4","T"
29943,"1","3","C"
29944,"1","4","T"
29951,"2","3","T"
29952,"2","3","C"
29956,"4","3","T"
29972,"2","4","T"
29974,"1","3","T"
29980,"1","3","C"
29981,"1","4","T"
29982,"1","3","C"
29984,"2","3","T"
29987,"2","3","T"
29992,"1","4","T"
29994,"1","4","C"
29996,"1","4","T"
29999,"2","4","T"
30004,"1","4","T"
30006,"2","4","C"
30035,"1","4","C"
30035,"1","4","T"
30037,"2","3","T"
30038,"1","4","T"
30049,"2","3","C"
30069,"1","3","T"
30073,"1","3","T"
30074,"1","4","C"
30080,"1","3","C"
30085,"1","4","C"
30113,"1","3","C"
30119,"1","2","C"
30126,"1","2","C"
30130,"1","3","C"
30131,"1","4","C"
30131,"2","3","C"
30135,"1","3","C"
30136,"1","4","C"
30137,"1","4","T"
30139,"1","3","T"
30140,"1","4","T"
30142,"1","3","T"
30145,"1","4","C"
30150,"1","3","T"
30151,"1","4","T"
30152,"1","3","T"
30155,"1","3","C"
30157,"1","4","T"
30163,"1","3","C"
30166,"1","4","C"
30224,"1","3","T"
30225,"1","4","C"
30226,"1","3","T"
30228,"2","3","C"
30230,"2","3","T"
30233,"2","3","T"
30234,"2","3","T"
30238,"2","3","C"
30270,"1","3","T"
30272,"1","3","T"
30274,"2","3","T"
30276,"2","3","C"
30279,"1","4","T"
30282,"2","3","T"
30285,"1","4","T"
30290,"1","3","C"
30294,"2","3","T"
30296,"2","3","C"
30302,"1","3","C"
30303,"2","3","T"
30306,"1","4","T"
30308,"1","3","T"
30328,"1","3","C"
30331,"1","3","C"
30333,"1","4","C"
30336,"2","4","T"
30337,"1","3","C"
30345,"1","3","T"
30349,"1","4","T"
30355,"2","3","T"
30356,"2","3","T"
30369,"1","2","T"
30373,"1","3","C"
30376,"1","3","T"
30378,"1","3","T"
30379,"1","4","C"
30382,"1","4","C"
30389,"1","4","C"
30396,"1","4","T"
30398,"1","4","T"
30418,"1","4","C"
30420,"2","3","T"
30422,"1","4","C"
30455,"1","3","C"
30456,"1","4","T"
30467,"1","2","T"
30470,"1","2","T"
30476,"1","2","T"
30479,"1","2","T"
30485,"1","3","T"
30499,"1","4","C"
30504,"1","2","T"
30544,"2","3","C"
30559,"2","3","C"
30566,"1","4","C"
30568,"2","4","T"
30577,"1","2","T"
30581,"1","4","C"
30587,"1","3","C"
30607,"1","3","C"
30610,"1","2","C"
30611,"1","3","C"
30620,"3","2","T"
30623,"1","3","C"
30633,"1","2","T"
30637,"1","3","T"
30641,"1","4","T"
30659,"1","4","C"
30692,"1","3","C"
30722,"1","2","T"
30723,"1","2","T"
30768,"3","4","T"
30793,"3","2","T"
30852,"3","4","T"
30859,"3","2","C"
30863,"3","4","C"
30866,"3","2","C"
30868,"3","4","C"
30870,"3","2","C"
30879,"3","2","T"
30889,"3","4","C"
30893,"3","4","C"
30895,"3","2","C"
30900,"3","4","C"
30915,"3","2","C"
30927,"3","4","C"
30964,"1","4","T"
30969,"1","2","C"
30996,"3","4","C"
31003,"3","4","T"
31005,"3","1","C"
31024,"3","1","T"
31027,"3","1","C"
31029,"3","2","T"
31031,"3","1","C"
31033,"3","1","C"
31035,"3","1","C"
31038,"3","1","C"
31039,"3","1","C"
31042,"3","2","T"
31045,"3","2","T"
31049,"3","2","T"
31053,"3","4","T"
31056,"3","2","T"
31073,"3","2","T"
31076,"3","2","T"
31085,"3","2","T"
31085,"3","2","T"
31088,"1","4","T"
31095,"3","2","C"
31098,"3","2","T"
31103,"3","2","T"
31107,"3","2","T"
31111,"3","2","C"
31113,"3","2","T"
31116,"3","2","T"
31117,"3","2","T"
31123,"3","4","C"
31137,"3","4","T"
31147,"3","4","T"
31154,"1","4","T"
31194,"1","2","T"
31196,"1","4","T"
31198,"1","2","T"
31202,"3","4","T"
31203,"3","4","T"
31206,"1","4","T"
31208,"1","2","T"
31210,"3","2","T"
31211,"1","3","T"
31218,"1","2","T"
31224,"1","4","T"
31227,"3","2","T"
31232,"1","4","T"
31245,"1","4","C"
31251,"3","4","T"
31256,"1","3","T"
31258,"1","3","T"
31279,"3","4","T"
31303,"3","2","T"
31365,"1","3","T"
31410,"1","2","C"
31413,"1","2","T"
31425,"3","2","T"
31439,"3","2","T"
31453,"3","2","T"
31485,"3","2","T"
31495,"3","2","T"
31516,"3","2","T"
31535,"3","4","T"
31536,"3","2","T"
31537,"3","2","T"
31568,"1","3","T"
31570,"3","2","T"
31578,"3","2","T"
31580,"3","2","T"
31611,"1","3","T"
31617,"3","2","T"
31635,"3","2","T"
31636,"3","2","T"
31703,"3","2","T"
31704,"3","2","T"
31711,"2","3","C"
31712,"2","3","T"
31715,"2","4","C"
31717,"2","4","C"
31879,"2","3","C"
31888,"1","3","T"
31892,"1","2","T"
31895,"2","3","T"
31920,"1","3","B"
31922,"1","3","B"
31923,"2","3","C"
31924,"1","3","T"
31926,"1","3","C"
31935,"1","3","C"
31938,"2","3","T"
31946,"1","3","C"
31980,"1","2","C"
32004,"1","4","C"
32005,"1","4","T"
32020,"1","4","C"
32061,"1","4","T"
32065,"1","3","C"
32068,"1","4","C"
32077,"1","3","C"
32078,"1","3","C"
32090,"1","3","C"
32092,"1","3","T"
32112,"1","3","T"
32115,"2","3","T"
32126,"1","3","C"
32128,"2","3","T"
32172,"1","3","C"
32177,"1","3","C"
32178,"1","3","C"
32181,"1","3","C"
32200,"1","3","C"
32204,"1","3","C"
32230,"1","3","C"
32237,"1","3","C"
32243,"1","3","C"
32244,"2","3","C"
32246,"1","3","T"
32255,"1","4","T"
32259,"2","3","C"
32281,"1","4","C"
32285,"1","3","T"
32288,"1","3","C"
32292,"1","3","C"
32300,"2","3","B"
32302,"2","3","C"
32303,"1","3","T"
32305,"1","3","T"
32315,"1","3","C"
32317,"1","3","C"
32320,"1","3","C"
32321,"2","3","T"
32322,"1","3","C"
32326,"2","3","T"
32327,"2","3","T"
32332,"1","3","C"
32334,"2","4","C"
32336,"2","3","C"
32351,"2","3","C"
32356,"2","4","C"
32358,"2","3","C"
32380,"2","3","C"
32385,"2","3","C"
32386,"2","3","C"
32391,"2","3","C"
32404,"2","1","T"
32440,"1","4","C"
32442,"1","4","T"
32443,"1","3","C"
32447,"2","3","C"
32451,"1","3","T"
32453,"1","3","C"
32460,"1","4","T"
32463,"2","3","C"
32465,"1","4","T"
32471,"2","3","T"
32493,"1","3","T"
32496,"1","3","T"
32518,"1","3","B"
32521,"1","3","C"
32522,"1","4","C"
32524,"2","4","T"
32564,"1","3","T"
32568,"1","2","C"
32570,"1","3","C"
32571,"1","2","C"
32573,"1","2","C"
32575,"1","2","T"
32585,"1","4","C"
32590,"1","4","T"
32602,"1","2","C"
32606,"2","3","C"
32609,"2","3","T"
32614,"1","3","C"
32618,"1","4","C"
32628,"2","3","C"
32631,"1","3","T"
32633,"1","2","T"
32640,"2","3","T"
32642,"2","3","C"
32689,"2","3","C"
32716,"1","3","T"
32722,"1","4","C"
32745,"1","3","T"
32748,"1","3","T"
32754,"1","3","C"
32756,"1","4","T"
32758,"1","4","C"
32777,"1","3","C"
32780,"1","3","C"
32783,"1","3","C"
32792,"1","3","T"
32805,"2","3","T"
32813,"4","3","T"
32820,"1","3","C"
32821,"1","3","T"
32823,"1","3","T"
32827,"2","3","C"
32836,"1","3","C"
32838,"1","3","C"
32839,"1","3","T"
32860,"1","3","T"
32861,"2","3","T"
32872,"1","3","T"
32874,"2","3","T"
32885,"1","4","T"
32890,"4","3","C"
32895,"4","3","C"
32897,"1","3","T"
32900,"4","3","T"
32904,"4","3","T"
32909,"1","3","T"
32936,"1","3","C"
32937,"1","3","T"
32947,"2","3","C"
32970,"1","4","T"
32978,"1","3","T"
32981,"4","3","T"
32990,"1","3","T"
32992,"4","3","T"
32996,"1","3","T"
33006,"1","3","C"
33008,"2","3","T"
33010,"4","3","T"
33014,"2","3","T"
33016,"4","3","T"
33025,"2","3","C"
33027,"2","3","C"
33030,"1","3","C"
33031,"1","3","T"
33036,"2","3","C"
33038,"4","3","T"
33041,"2","3","T"
33054,"1","4","C"
33054,"1","3","T"
33061,"1","3","C"
33062,"1","3","C"
33066,"1","3","T"
33067,"1","3","T"
33077,"1","3","C"
33083,"1","4","T"
33096,"3","4","T"
33097,"2","3","C"
33098,"4","3","T"
33100,"1","3","T"
33115,"1","2","T"
33116,"1","2","T"
33118,"1","4","T"
33119,"1","2","T"
33121,"1","3","T"
33122,"1","4","C"
33125,"1","3","T"
33127,"2","3","T"
33129,"1","3","T"
33130,"1","4","T"
33135,"1","3","T"
33136,"1","3","T"
33139,"4","3","T"
33145,"1","4","C"
33150,"2","3","T"
33155,"2","3","T"
33162,"2","3","T"
33183,"1","3","T"
33184,"1","4","C"
33185,"1","3","T"
33187,"2","3","C"
33194,"1","3","C"
33194,"1","3","C"
33197,"1","3","T"
33198,"2","3","T"
33208,"1","2","T"
33212,"1","3","C"
33213,"2","3","T"
33214,"4","3","T"
33224,"1","3","T"
33226,"1","3","T"
33227,"1","4","T"
33252,"1","2","T"
33258,"1","2","T"
33259,"1","3","T"
33262,"1","2","T"
33264,"1","3","T"
33272,"1","3","T"
33278,"1","2","T"
33280,"1","2","C"
33282,"1","2","T"
33286,"1","3","T"
33302,"1","3","C"
33307,"1","2","T"
33310,"1","2","C"
33312,"4","3","T"
33314,"1","3","T"
33328,"1","3","T"
33331,"1","2","C"
33342,"3","4","T"
33345,"3","4","T"
33347,"1","2","T"
33355,"1","2","T"
33364,"1","3","T"
33379,"1","3","T"
33402,"1","4","T"
33404,"1","3","T"
33406,"1","3","T"
33410,"4","3","T"
33448,"1","2","T"
33460,"1","2","T"
33462,"1","2","C"
33468,"1","2","T"
33481,"1","2","T"
33486,"1","4","C"
33494,"1","3","T"
33496,"4","3","C"
33502,"1","2","T"
33504,"1","2","T"
33506,"1","3","C"
33507,"1","2","T"
33511,"1","2","T"
33512,"4","3","T"
33518,"1","3","T"
33521,"4","3","T"
33523,"1","3","T"
33525,"1","3","T"
33526,"1","3","C"
33527,"1","4","T"
33530,"1","3","T"
33532,"1","2","T"
33534,"3","2","T"
33536,"3","4","T"
33537,"3","1","T"
33538,"1","3","C"
33539,"1","3","C"
33541,"1","4","C"
33543,"1","3","T"
33545,"1","3","T"
33547,"1","4","T"
33559,"3","1","T"
33560,"1","3","T"
33563,"3","2","T"
33566,"1","3","C"
33568,"1","3","T"
33570,"1","3","C"
33572,"3","2","T"
33574,"1","3","T"
33575,"1","3","C"
33576,"1","3","T"
33578,"1","3","T"
33583,"1","3","T"
33584,"3","2","T"
33585,"1","3","C"
33586,"1","3","T"
33587,"1","2","T"
33587,"1","3","T"
33588,"2","3","T"
33590,"1","3","T"
33593,"1","2","T"
33596,"1","3","T"
33602,"1","3","C"
33605,"1","3","T"
33613,"1","3","T"
33646,"1","4","T"
33651,"1","2","T"
33651,"1","3","T"
33653,"1","3","T"
33653,"1","4","T"
33662,"1","3","T"
33663,"1","3","C"
33665,"1","3","T"
33668,"1","2","T"
33696,"1","2","C"
33696,"4","2","T"
33731,"1","2","T"
33732,"1","3","T"
33737,"3","2","T"
33739,"1","2","T"
33740,"1","3","T"
33743,"1","3","T"
33773,"3","2","C"
33775,"1","4","T"
33775,"3","2","T"
33780,"3","2","C"
33781,"1","2","T"
33784,"3","2","C"
33788,"3","2","T"
33790,"3","2","C"
33792,"3","1","T"
33792,"1","3","T"
33794,"1","3","C"
33796,"3","2","T"
33800,"1","3","C"
33802,"1","2","T"
33804,"1","3","T"
33806,"1","3","T"
33810,"1","4","T"
33813,"1","4","T"
33816,"1","2","T"
33817,"1","4","T"
33830,"1","3","T"
33832,"1","3","T"
33838,"1","3","T"
33842,"4","3","T"
33845,"1","3","T"
33860,"1","2","T"
33861,"1","2","T"
33882,"4","3","T"
33886,"1","4","T"
33886,"2","3","T"
33894,"2","3","C"
33895,"2","4","T"
33904,"2","3","C"
33912,"2","3","C"
33916,"1","4","T"
33918,"2","4","T"
33920,"4","3","T"
33921,"1","2","T"
33935,"1","4","T"
33937,"4","2","T"
33940,"1","3","T"
33944,"3","2","T"
33949,"4","3","C"
33953,"3","2","T"
33956,"3","2","T"
33958,"3","2","C"
33961,"3","2","C"
33962,"3","2","T"
33964,"3","2","C"
33988,"1","2","T"
33993,"1","3","T"
33995,"1","3","T"
33999,"1","3","T"
34020,"1","3","T"
34025,"2","3","T"
34037,"1","3","T"
34043,"2","3","T"
34045,"1","3","T"
34045,"1","4","T"
34049,"3","2","T"
34050,"1","2","T"
34054,"1","3","T"
34056,"1","3","T"
34063,"1","3","T"
34069,"2","3","T"
34076,"1","3","T"
34078,"1","4","T"
34084,"1","3","T"
34087,"1","2","T"
34098,"1","4","T"
34101,"1","2","T"
34105,"1","3","T"
34114,"1","2","T"
34115,"2","3","T"
34127,"1","3","T"
34132,"2","3","T"
34138,"1","4","T"
34141,"1","3","C"
34142,"1","2","T"
34145,"3","2","T"
34146,"3","2","T"
34147,"3","2","T"
34150,"3","2","C"
34157,"4","3","T"
34161,"1","4","T"
34162,"4","3","T"
34164,"2","3","T"
34169,"1","2","T"
34171,"1","2","C"
34176,"1","3","C"
34178,"1","4","T"
34180,"4","2","T"
34188,"1","4","T"
34190,"1","2","T"
34192,"1","2","C"
34193,"1","4","T"
34196,"1","3","T"
34206,"1","3","T"
34242,"1","2","T"
34244,"1","4","T"
34245,"1","3","T"
34249,"1","3","T"
34256,"1","3","C"
34256,"1","3","C"
34280,"1","3","T"
34282,"2","3","T"
34286,"1","3","T"
34287,"2","3","T"
34294,"3","4","T"
34297,"1","3","T"
34300,"1","3","C"
34307,"1","3","T"
34309,"2","3","T"
34334,"1","2","T"
34342,"4","3","T"
34344,"3","2","T"
34346,"1","3","T"
34347,"1","2","T"
34357,"1","4","T"
34366,"1","2","T"
34367,"3","2","T"
34369,"3","2","C"
34372,"1","3","T"
34390,"1","3","T"
34391,"1","4","T"
34407,"3","4","T"
34408,"3","4","C"
34411,"1","3","T"
34412,"1","4","T"
34416,"2","3","T"
34418,"4","3","T"
34424,"4","3","T"
34439,"1","3","T"
34458,"3","4","T"
34459,"3","4","T"
34469,"4","3","T"
34473,"2","3","T"
34474,"4","3","T"
34484,"1","2","T"
34484,"1","2","T"
34495,"1","2","T"
34496,"1","4","C"
34501,"4","3","T"
34509,"1","3","T"
34520,"4","3","T"
34541,"1","3","T"
34546,"4","3","T"
34561,"1","3","C"
34562,"1","2","T"
34584,"1","4","C"
34586,"1","3","T"
34608,"1","2","C"
34611,"1","3","T"
34619,"1","2","T"
34638,"1","3","T"
34639,"1","4","T"
34649,"1","3","T"
34650,"1","2","T"
34653,"1","4","T"
34656,"1","2","T"
34678,"2","3","T"
34681,"3","4","C"
34684,"3","4","C"
34686,"3","4","T"
34687,"3","4","T"
34688,"3","4","C"
34690,"3","1","T"
34691,"1","3","T"
34692,"1","2","T"
34692,"1","4","T"
34693,"1","4","C"
34694,"1","2","T"
34695,"1","4","T"
34696,"4","3","T"
34697,"1","2","T"
34702,"1","2","T"
34703,"1","2","T"
34704,"1","3","T"
34708,"1","3","T"
34708,"1","4","T"
34713,"4","3","T"
34727,"1","2","T"
34730,"1","3","T"
34734,"4","3","T"
34746,"1","3","T"
34748,"1","4","T"
34750,"1","2","T"
34755,"1","4","T"
34755,"3","2","T"
34756,"3","2","C"
34759,"1","3","T"
34794,"4","3","T"
34800,"1","2","T"
34803,"3","2","T"
34805,"1","3","C"
34807,"3","2","T"
34808,"3","2","T"
34808,"3","2","T"
34814,"1","4","T"
34819,"1","4","T"
34822,"1","3","T"
34833,"1","3","T"
34847,"1","2","C"
34872,"1","4","T"
34879,"1","4","T"
34900,"1","3","T"
34902,"1","3","C"
34908,"1","2","C"
34912,"1","3","T"
34923,"4","1","T"
34925,"1","4","C"
34941,"1","4","C"
34945,"1","2","C"
34955,"1","3","T"
34986,"1","2","T"
34988,"1","3","T"
34993,"1","2","T"
35062,"1","4","T"
35063,"3","2","T"
35085,"2","4","T"
35222,"1","3","T"
35230,"1","2","T"
35356,"4","3","T"
35385,"1","4","T"
35403,"1","4","T"
35449,"1","2","T"
35550,"1","4","T"
35553,"1","2","T"
35590,"1","3","T"
35596,"1","4","C"
35600,"1","2","T"
35708,"1","4","C"
35709,"1","2","T"
35711,"1","2","T"
35712,"1","3","T"
35738,"1","3","C"
35749,"1","3","T"
35750,"1","3","C"
35751,"1","3","C"
35771,"1","3","T"
35787,"4","3","T"
35791,"1","2","T"
35794,"1","4","T"
35796,"1","4","T"
35798,"1","2","C"
35812,"1","3","C"
35813,"1","4","C"
35816,"1","4","C"
35817,"1","3","C"
35818,"1","3","C"
35828,"1","2","C"
35830,"1","3","C"
35832,"1","2","C"
35852,"1","3","T"
35869,"1","2","T"
35877,"1","3","T"
35878,"1","2","T"
35906,"1","4","T"
35908,"1","2","C"
35939,"1","3","T"
35966,"1","2","T"
35970,"1","4","T"
35977,"1","3","T"
35990,"1","2","T"
36000,"1","3","T"
36014,"1","3","T"
36029,"1","4","C"
36035,"1","3","T"
36048,"1","3","C"
36049,"1","4","C"
36073,"1","3","T"
36075,"1","3","T"
36091,"1","2","T"
36102,"1","3","T"
36134,"1","2","T"
36137,"1","2","C"
36152,"1","4","C"
36158,"1","4","T"
36163,"1","4","C"
36164,"1","2","T"
36185,"1","2","C"
36193,"1","2","T"
36198,"1","3","C"
36205,"1","2","T"
36219,"4","3","T"
36228,"4","3","C"
36253,"1","2","T"
36271,"4","3","T"
36284,"1","2","T"
36290,"1","2","T"
36291,"1","3","T"
36293,"1","4","T"
36295,"1","3","T"
36319,"1","3","C"
36321,"4","3","T"
36338,"1","3","T"
36343,"4","3","T"
36350,"1","3","T"
36351,"1","2","T"
36353,"1","3","T"
36354,"1","4","C"
36370,"1","2","T"
36382,"1","2","T"
36387,"1","3","C"
36388,"1","2","T"
36396,"1","2","T"
36398,"4","3","T"
36415,"4","3","T"
36425,"1","2","T"
36426,"1","2","C"
36428,"1","3","C"
36441,"3","4","T"
36443,"4","3","T"
36444,"3","4","T"
36449,"3","4","C"
36491,"1","2","T"
36533,"1","3","T"
36611,"3","2","T"
36612,"3","2","T"
36612,"3","2","T"
36613,"3","2","T"
36614,"3","2","C"
36616,"1","3","T"
36630,"1","2","T"
36654,"1","4","T"
36655,"1","2","C"
36656,"1","2","T"
36658,"1","4","T"
36668,"1","2","T"
36682,"1","2","T"
36687,"4","3","T"
36688,"4","3","T"
36691,"1","3","T"
36693,"1","3","T"
36709,"1","3","T"
36728,"4","3","T"
36733,"1","3","T"
36735,"1","4","T"
36737,"4","2","C"
36746,"1","3","C"
36785,"1","2","C"
36804,"1","2","T"
36815,"1","4","T"
36829,"3","2","T"
36848,"3","4","T"
36851,"3","4","T"
36852,"3","4","T"
36853,"3","4","T"
36856,"3","4","C"
36861,"1","4","T"
36863,"1","2","C"
36865,"1","2","C"
36867,"3","4","T"
36881,"1","4","T"
36882,"1","4","T"
36883,"1","4","T"
36887,"1","4","T"
36890,"4","2","T"
36913,"1","3","T"
36930,"3","4","T"
36960,"1","2","T"
36962,"1","4","C"
36966,"1","4","C"
37010,"1","2","T"
37012,"1","2","C"
37024,"1","4","T"
37029,"1","3","C"
37032,"1","3","T"
37033,"1","4","C"
37035,"1","2","T"
37035,"1","2","T"
37037,"1","2","T"
37041,"1","4","T"
37044,"1","2","T"
37046,"1","3","C"
37054,"4","3","T"
37060,"4","2","T"
37062,"4","2","T"
37064,"4","3","T"
37095,"1","4","T"
37115,"1","3","T"
37119,"1","2","T"
37122,"1","4","T"
37129,"3","4","C"
37137,"1","2","T"
37139,"3","1","T"
37140,"1","3","T"
37141,"1","2","C"
37147,"1","2","C"
37148,"1","2","C"
37150,"1","2","C"
37152,"1","3","C"
37154,"1","3","T"
37157,"1","3","C"
37160,"1","3","T"
37161,"1","3","T"
37162,"1","3","T"
37166,"1","3","C"
37221,"1","2","C"
37229,"3","2","T"
37232,"1","3","C"
37235,"1","3","C"
37237,"1","4","C"
37260,"1","2","T"
37272,"1","2","T"
37291,"1","2","T"
37297,"1","3","T"
37298,"1","2","T"
37329,"1","3","T"
37334,"1","3","T"
37337,"1","3","C"
37338,"1","2","C"
37340,"1","2","C"
37344,"1","2","C"
37348,"1","4","C"
37353,"1","2","T"
37356,"1","2","T"
37358,"1","2","T"
37361,"4","3","T"
37366,"1","2","C"
37370,"1","2","C"
37380,"1","3","C"
37387,"1","3","T"
37391,"1","3","C"
37403,"1","2","C"
37415,"1","3","T"
37429,"1","3","C"
37449,"1","3","T"
37454,"3","2","T"
37455,"3","2","T"
37483,"3","2","T"
37487,"3","4","C"
37493,"3","4","C"
37497,"3","4","C"
37509,"1","3","T"
37528,"4","3","T"
37529,"3","2","C"
37531,"1","3","C"
37533,"1","2","C"
37536,"1","3","C"
37538,"1","2","T"
37539,"1","4","T"
37557,"1","2","T"
37582,"3","4","C"
37596,"2","4","T"
37611,"1","2","T"
37613,"1","2","C"
37614,"1","2","T"
37622,"1","4","T"
37625,"1","2","T"
37627,"1","4","T"
37637,"4","3","T"
37647,"4","3","T"
37656,"1","3","C"
37675,"1","2","T"
37678,"1","2","C"
37682,"1","4","C"
37683,"1","4","C"
37685,"1","3","C"
37687,"1","3","T"
37722,"1","4","C"
37725,"1","3","T"
37731,"1","4","C"
37762,"1","3","T"
37799,"1","2","T"
37804,"1","4","T"
37819,"1","4","T"
37854,"1","3","T"
37862,"1","4","T"
37887,"1","4","T"
37890,"1","2","T"
37909,"1","4","T"
37912,"1","4","C"
37931,"1","4","T"
37942,"1","2","T"
37955,"1","2","C"
38012,"1","2","T"
38039,"1","3","T"
38049,"1","3","C"
38050,"1","3","T"
38071,"1","3","T"
38105,"1","4","T"
38106,"1","2","T"
38160,"1","2","T"
38238,"1","3","T"
38242,"1","3","C"
38255,"1","4","T"
38306,"1","3","T"
38320,"1","4","C"
38323,"1","3","C"
38343,"1","3","T"
38363,"1","3","T"
38384,"1","4","T"
38386,"1","4","T"
38387,"1","4","T"
38395,"1","3","T"
38411,"1","4","T"
38418,"1","4","T"
38426,"1","4","T"
38428,"1","3","T"
38432,"1","4","C"
38434,"1","3","T"
38436,"1","4","T"
38453,"1","3","T"
38467,"1","4","T"
38485,"1","3","T"
38486,"1","3","T"
38490,"1","4","T"
38494,"1","4","T"
38500,"4","3","T"
38507,"1","4","T"
38508,"1","4","C"
38510,"1","2","C"
38515,"1","3","T"
38524,"1","3","C"
38534,"1","4","T"
38536,"1","4","T"
38537,"1","3","T"
38543,"1","3","T"
38556,"4","2","T"
38557,"1","2","T"
38559,"1","4","T"
38584,"1","4","T"
38591,"1","3","T"
38593,"1","3","C"
38593,"1","3","C"
38594,"1","3","T"
38607,"1","3","T"
38608,"1","4","T"
38614,"1","4","C"
38615,"1","3","T"
38624,"1","3","T"
38626,"1","3","T"
38627,"1","3","T"
38665,"1","4","T"
38667,"1","4","T"
38669,"1","3","T"
38671,"1","4","T"
38673,"1","4","T"
38677,"1","3","T"
38688,"1","3","T"
38689,"1","4","T"
38723,"1","2","T"
38780,"1","2","T"
38807,"1","4","T"
38811,"1","4","T"
38822,"1","3","T"
38823,"1","3","T"
38825,"1","3","T"
38885,"1","2","T"
38905,"1","2","T"
38972,"1","3","T"
38977,"1","4","T"
39006,"1","3","C"
39039,"1","2","C"
39044,"1","3","C"
39062,"1","3","T"
39162,"1","2","T"
39164,"1","2","C"
39183,"1","3","C"
39190,"1","2","T"
39246,"1","4","C"
39249,"1","3","T"
39258,"1","2","T"
39260,"1","3","T"
39325,"1","3","T"
39343,"1","3","C"
39352,"1","3","C"
39362,"1","2","T"
39367,"1","3","C"
39369,"1","4","C"
39377,"1","4","C"
39396,"1","2","C"
39397,"1","4","C"
39413,"1","4","C"
39418,"1","2","C"
39422,"1","3","T"
39476,"1","2","C"
39486,"1","4","C"
39500,"1","2","T"
39524,"1","3","C"
39535,"1","3","T"
39567,"1","4","C"
39575,"3","2","T"
39580,"1","4","C"
39581,"1","3","C"
39586,"1","2","T"
39592,"1","3","C"
39603,"1","4","C"
39613,"1","4","C"
39617,"1","2","C"
39636,"1","3","C"
39649,"1","2","T"
39651,"1","2","C"
39653,"1","2","C"
39664,"1","4","T"
39674,"1","4","C"
39685,"1","3","C"
39686,"1","2","T"
39690,"1","2","T"
39718,"1","4","C"
39759,"1","3","C"
39767,"1","2","C"
39769,"1","3","T"
39771,"1","3","T"
39783,"1","2","C"
39785,"1","4","C"
39810,"1","3","C"
39820,"2","3","C"
39830,"1","4","C"
39844,"1","3","T"
39858,"1","3","T"
39866,"1","2","T"
39867,"1","3","C"
39883,"1","4","C"
39884,"1","2","C"
39894,"1","3","C"
39904,"1","4","T"
39906,"1","3","T"
39907,"1","3","C"
39919,"1","3","C"
39921,"1","4","T"
40003,"1","4","C"
40014,"1","2","C"
40023,"1","2","C"
40041,"1","2","T"
40055,"2","3","C"
40061,"2","3","C"
40065,"2","4","T"
40083,"1","2","C"
40088,"1","3","T"
40103,"4","2","T"
40137,"1","4","C"
40149,"1","4","C"
40160,"2","3","C"
40165,"1","3","C"
40170,"2","4","T"
40181,"2","4","C"
40189,"2","3","C"
40201,"2","3","C"
40217,"1","4","C"
40255,"1","4","T"
40256,"1","3","C"
40271,"2","4","T"
40276,"1","4","C"
40282,"2","3","C"
40292,"1","2","T"
40306,"2","3","T"
40308,"2","3","T"
40313,"2","3","T"
40330,"2","3","C"
40338,"2","3","T"
40358,"1","2","T"
40367,"1","4","T"
40369,"1","2","T"
40371,"1","4","T"
40398,"1","2","T"
40400,"1","4","T"
40431,"2","3","T"
40441,"1","3","T"
40446,"1","3","T"
40447,"1","3","T"
40465,"1","3","C"
40496,"1","3","T"
40498,"1","3","C"
40500,"1","2","T"
40505,"1","3","T"
40529,"1","4","T"
40542,"2","3","T"
40551,"3","4","T"
40560,"2","4","T"
40566,"2","4","T"
40574,"1","3","T"
40575,"1","3","T"
40576,"1","4","T"
40580,"1","2","T"
40586,"1","2","T"
40588,"1","2","T"
40589,"1","3","T"
40603,"1","3","T"
40605,"1","2","T"
40613,"1","4","C"
40628,"1","3","C"
40631,"1","3","C"
40633,"1","2","C"
40636,"1","3","T"
40641,"1","2","T"
40643,"1","2","C"
40648,"1","2","T"
40651,"1","2","T"
40654,"1","2","T"
40682,"1","3","C"
40711,"4","3","T"
40712,"1","3","C"
40715,"1","4","T"
40716,"1","4","T"
40726,"1","4","T"
40728,"1","4","C"
40728,"1","4","B"
40730,"1","2","T"
40750,"1","3","T"
40761,"1","2","B"
40767,"1","4","T"
40780,"4","3","T"
40785,"1","4","C"
40788,"1","4","T"
40790,"1","4","T"
40812,"1","3","T"
40843,"1","3","T"
40846,"1","3","T"
40860,"1","2","T"
40862,"1","2","T"
40872,"1","2","T"
40874,"1","3","C"
40894,"1","4","T"
40897,"1","4","C"
40899,"1","3","T"
40900,"1","3","T"
40903,"1","2","C"
40907,"1","2","T"
40914,"1","4","T"
40923,"1","4","T"
40925,"1","3","T"
40929,"1","3","T"
40931,"1","4","T"
40935,"1","2","C"
40936,"1","4","T"
40938,"1","2","T"
40940,"1","2","C"
40965,"1","2","T"
40980,"4","3","T"
40988,"2","3","T"
41003,"1","3","T"
41029,"1","2","T"
41042,"1","3","T"
41074,"2","3","T"
41104,"1","3","C"
41109,"1","4","T"
41115,"1","2","C"
41139,"1","3","T"
41139,"1","4","T"
41141,"1","3","T"
41165,"1","4","T"
41167,"1","4","C"
41237,"1","3","C"
41238,"1","3","T"
41272,"1","2","T"
41273,"1","3","T"
41276,"1","4","T"
41291,"1","3","C"
41303,"4","3","T"
41307,"1","2","T"
41320,"2","4","T"
41325,"1","4","T"
41336,"3","2","T"
41413,"1","3","T"
41435,"1","2","T"
41468,"1","4","T"
41476,"1","4","T"
41479,"1","4","T"
41483,"1","4","T"
41486,"2","3","T"
41498,"1","3","T"
41499,"1","3","C"
41500,"2","3","T"
41510,"1","3","C"
41521,"1","2","T"
41559,"1","4","T"
41562,"1","3","T"
41595,"1","3","T"
41601,"1","4","T"
41617,"1","4","T"
41630,"1","4","T"
41664,"1","4","T"
41668,"1","4","T"
41671,"1","3","T"
41681,"1","3","T"
41691,"4","3","T"
41704,"1","3","T"
41709,"1","3","T"
41713,"1","2","T"
41723,"1","3","T"
41729,"4","3","C"
41737,"2","3","T"
41744,"4","3","C"
41748,"1","4","C"
41751,"4","3","C"
41786,"1","2","T"
41787,"1","3","C"
41789,"1","3","C"
41814,"1","4","T"
41822,"1","4","T"
41824,"1","4","C"
41847,"1","4","T"
41849,"1","3","C"
41868,"2","4","C"
41871,"2","4","C"
41876,"2","4","C"
41878,"2","4","C"
41879,"2","3","C"
41880,"2","3","C"
41882,"2","4","C"
41885,"2","4","T"
41887,"2","3","C"
41888,"2","3","T"
41890,"2","3","T"
41948,"1","2","C"
41994,"1","3","T"
42004,"1","2","T"
42025,"1","4","C"
42113,"1","4","T"
42318,"1","3","T"
42332,"1","3","T"
42338,"1","3","C"
42340,"1","3","C"
42458,"1","4","T"
42474,"1","4","C"
42475,"1","4","C"
42497,"1","3","C"
42521,"1","4","T"
42563,"1","3","T"
42565,"1","2","C"
42568,"1","4","T"
42595,"1","2","T"
42625,"1","4","C"
42634,"1","4","T"
42634,"1","2","T"
42649,"1","4","T"
42654,"1","4","T"
42658,"1","2","T"
42665,"1","4","T"
42683,"1","2","T"
42711,"1","4","T"
42782,"1","2","C"
42785,"1","4","T"
42813,"1","2","T"
